surah_no,verse_no,pos_in_clean,original_idx,uthmani_char,vocab_char,start_s,end_s,fire_end_s,duration_s,fire_duration_s,ctc_score,is_emphatic,has_shadda,has_small_alif_after,has_madd_sign_after,has_sukun,following_vowel
109,-1,0,0,أ,أ,0.08,0.12,0.1,0.039999999999999994,0.020000000000000004,-16.532238,False,False,False,False,False,fatha
109,-1,1,1,َ,َ,0.12,0.14,0.14,0.020000000000000018,0.020000000000000018,-14.484844,False,False,False,False,False,damma
109,-1,2,2,ع,ع,0.14,0.16,0.16,0.01999999999999999,0.01999999999999999,-16.17029,False,False,False,False,False,damma
109,-1,3,3,ُ,ُ,0.16,0.28,0.18,0.12000000000000002,0.01999999999999999,-14.273069,False,False,False,False,False,damma
109,-1,4,4,و,و,0.28,0.46,0.3,0.18,0.019999999999999962,-16.735365,False,False,False,False,False,damma
109,-1,5,5,ذ,ذ,0.46,0.52,0.48,0.06,0.019999999999999962,-15.633321,False,False,False,False,False,damma
109,-1,6,6,ُ,ُ,0.52,0.58,0.54,0.05999999999999994,0.020000000000000018,-12.957503,False,False,False,False,False,kasra
109,-1,7,7, ,|,0.58,0.62,0.62,0.040000000000000036,0.040000000000000036,-3.272225e-05,False,False,False,False,False,kasra
109,-1,8,8,ب,ب,0.62,0.64,0.64,0.020000000000000018,0.020000000000000018,-12.059324,False,False,False,False,False,kasra
109,-1,9,9,ِ,ِ,0.64,0.66,0.66,0.020000000000000018,0.020000000000000018,-17.172173,False,False,False,False,False,none
109,-1,10,10,ا,ا,0.66,0.7000000000000001,0.68,0.040000000000000036,0.020000000000000018,-0.0052341092,False,False,False,False,False,none
109,-1,11,11,ل,ل,0.7000000000000001,0.92,0.74,0.21999999999999997,0.039999999999999925,-0.00035401763,False,True,False,False,False,fatha
109,-1,12,12,ل,ل,0.92,0.98,0.96,0.05999999999999994,0.039999999999999925,-0.012085623,False,True,False,False,False,fatha
109,-1,13,13,ّ,ّ,0.98,1.02,1.0,0.040000000000000036,0.020000000000000018,-1.0900824,False,False,False,False,False,fatha
109,-1,14,14,َ,َ,1.02,1.32,1.04,0.30000000000000004,0.020000000000000018,-0.49518052,False,False,False,False,False,kasra
109,-1,15,15,ه,ه,1.32,1.36,1.34,0.040000000000000036,0.020000000000000018,-0.00011812943,False,False,False,False,False,kasra
109,-1,16,16,ِ,ِ,1.36,1.3800000000000001,1.3800000000000001,0.020000000000000018,0.020000000000000018,-6.645833,False,False,False,False,False,kasra
109,-1,17,17, ,|,1.3800000000000001,1.4000000000000001,1.4000000000000001,0.020000000000000018,0.020000000000000018,-12.818675,False,False,False,False,False,kasra
109,-1,18,18,م,م,1.4000000000000001,1.42,1.42,0.019999999999999796,0.019999999999999796,-13.986316,False,False,False,False,False,kasra
109,-1,19,19,ِ,ِ,1.42,1.46,1.44,0.040000000000000036,0.020000000000000018,-2.6150684,False,False,False,False,False,fatha
109,-1,20,20,ن,ن,1.46,1.48,1.48,0.020000000000000018,0.020000000000000018,-16.28615,False,False,False,False,False,fatha
109,-1,21,21,َ,َ,1.48,1.5,1.5,0.020000000000000018,0.020000000000000018,-17.490404,False,False,False,False,False,none
109,-1,22,22, ,|,1.5,1.54,1.52,0.040000000000000036,0.020000000000000018,-0.0015495924,False,False,False,False,False,none
109,-1,23,23,ا,ا,1.54,1.6400000000000001,1.6,0.10000000000000009,0.06000000000000005,-0.14601068,False,False,False,False,False,none
109,-1,24,24,ل,ل,1.6400000000000001,1.8,1.68,0.15999999999999992,0.039999999999999813,-0.0042436565,False,True,False,False,False,fatha
109,-1,25,25,ش,ش,1.8,1.86,1.82,0.06000000000000005,0.020000000000000018,-15.0412855,False,True,False,False,False,fatha
109,-1,26,26,ّ,ّ,1.86,1.92,1.8800000000000001,0.05999999999999983,0.020000000000000018,-0.28145137,False,False,False,False,False,fatha
109,-1,27,27,َ,َ,1.92,2.1,1.94,0.18000000000000016,0.020000000000000018,-0.1711461,False,False,False,False,True,sukun
109,-1,28,28,ي,ي,2.1,2.12,2.12,0.020000000000000018,0.020000000000000018,-13.739782,False,False,False,False,True,sukun
109,-1,29,29,ْ,ْ,2.12,2.2600000000000002,2.14,0.14000000000000012,0.020000000000000018,-9.223872,False,False,False,False,False,fatha
109,-1,30,30,ط,ط,2.2600000000000002,2.34,2.2800000000000002,0.07999999999999963,0.020000000000000018,-17.005144,True,False,False,False,False,fatha
109,-1,31,31,َ,َ,2.34,2.44,2.36,0.10000000000000009,0.020000000000000018,-7.0672665,False,False,False,False,False,kasra
109,-1,32,32,ا,ا,2.44,2.8000000000000003,2.46,0.3600000000000003,0.020000000000000018,-2.915132,False,False,False,False,False,kasra
109,-1,33,33,ن,ن,2.8000000000000003,2.88,2.84,0.07999999999999963,0.03999999999999959,-0.3172341,False,False,False,False,False,kasra
109,-1,34,34,ِ,ِ,2.88,2.96,2.9,0.08000000000000007,0.020000000000000018,-0.012380887,False,False,False,False,False,none
109,-1,35,35, ,|,2.96,3.02,2.98,0.06000000000000005,0.020000000000000018,-4.2950025,False,False,False,False,False,none
109,-1,36,36,ا,ا,3.02,3.08,3.04,0.06000000000000005,0.020000000000000018,-8.582231,False,False,False,False,False,none
109,-1,37,37,ل,ل,3.08,3.2800000000000002,3.16,0.20000000000000018,0.08000000000000007,-0.17169213,False,True,False,False,False,fatha
109,-1,38,38,ر,ر,3.2800000000000002,3.3200000000000003,3.3000000000000003,0.040000000000000036,0.020000000000000018,-3.5762147e-05,False,True,False,False,False,fatha
109,-1,39,39,ّ,ّ,3.3200000000000003,3.38,3.36,0.05999999999999961,0.03999999999999959,-0.21070698,False,False,False,False,False,fatha
109,-1,40,40,َ,َ,3.38,3.56,3.4,0.18000000000000016,0.020000000000000018,-0.11045343,False,False,False,False,False,kasra
109,-1,41,41,ج,ج,3.56,3.62,3.58,0.06000000000000005,0.020000000000000018,-11.196468,False,False,False,False,False,kasra
109,-1,42,42,ِ,ِ,3.62,3.74,3.64,0.1200000000000001,0.020000000000000018,-2.1338623,False,False,False,False,False,kasra
109,-1,43,43,ي,ي,3.74,4.1,3.7800000000000002,0.35999999999999943,0.040000000000000036,-0.31957176,False,False,False,False,False,kasra
109,-1,44,44,م,م,4.1,4.16,4.12,0.0600000000000005,0.020000000000000462,-0.142873,False,False,False,False,False,kasra
109,-1,45,45,ِ,ِ,4.16,5.08,4.18,0.9199999999999999,0.019999999999999574,-11.892589,False,False,False,False,False,none
109,1,0,0,ب,ب,5.1000000000000005,5.12,5.12,0.019999999999999574,0.019999999999999574,-14.898634,False,False,False,False,False,kasra
109,1,1,1,ِ,ِ,5.12,5.14,5.14,0.019999999999999574,0.019999999999999574,-14.513681,False,False,False,False,True,sukun
109,1,2,2,س,س,5.14,5.2,5.16,0.0600000000000005,0.020000000000000462,-17.492893,False,False,False,False,True,sukun
109,1,3,3,ْ,ْ,5.2,5.22,5.22,0.019999999999999574,0.019999999999999574,-14.486342,False,False,False,False,False,kasra
109,1,4,4,م,م,5.22,5.26,5.24,0.040000000000000036,0.020000000000000462,-15.3147955,False,False,False,False,False,kasra
109,1,5,5,ِ,ِ,5.26,5.28,5.28,0.020000000000000462,0.020000000000000462,-15.860159,False,False,False,False,False,none
109,1,6,6, ,|,5.28,5.3,5.3,0.019999999999999574,0.019999999999999574,-12.256778,False,False,False,False,False,none
109,1,7,7,ٱ,ا,5.3,5.32,5.32,0.020000000000000462,0.020000000000000462,-12.192905,False,False,False,False,False,none
109,1,8,8,ل,ل,5.32,5.42,5.34,0.09999999999999964,0.019999999999999574,-12.66423,False,True,False,False,False,fatha
109,1,9,9,ل,ل,5.42,5.5200000000000005,5.44,0.10000000000000053,0.020000000000000462,-3.004029e-05,False,True,False,False,False,fatha
109,1,10,10,ّ,ّ,5.5200000000000005,5.54,5.54,0.019999999999999574,0.019999999999999574,-9.371805,False,False,False,False,False,fatha
109,1,11,11,َ,َ,5.54,5.5600000000000005,5.5600000000000005,0.020000000000000462,0.020000000000000462,-10.8816395,False,False,False,False,False,kasra
109,1,12,12,ه,ه,5.5600000000000005,5.58,5.58,0.019999999999999574,0.019999999999999574,-13.9784775,False,False,False,False,False,kasra
109,1,13,13,ِ,ِ,5.58,5.6000000000000005,5.6000000000000005,0.020000000000000462,0.020000000000000462,-11.694873,False,False,False,False,False,none
109,1,14,14, ,|,5.6000000000000005,5.62,5.62,0.019999999999999574,0.019999999999999574,-0.010517879,False,False,False,False,False,none
109,1,15,15,ٱ,ا,5.62,5.64,5.64,0.019999999999999574,0.019999999999999574,-4.249582,False,False,False,False,False,none
109,1,16,16,ل,ل,5.64,5.66,5.66,0.020000000000000462,0.020000000000000462,-0.7389312,False,True,False,False,False,fatha
109,1,17,17,ر,ر,5.66,5.68,5.68,0.019999999999999574,0.019999999999999574,-10.541886,False,True,False,False,False,fatha
109,1,18,18,ّ,ّ,5.68,5.72,5.7,0.040000000000000036,0.020000000000000462,-10.642475,False,False,False,False,False,fatha
109,1,19,19,َ,َ,5.72,5.76,5.74,0.040000000000000036,0.020000000000000462,-11.166204,False,False,False,False,True,sukun
109,1,20,20,ح,ح,5.76,5.8,5.78,0.040000000000000036,0.020000000000000462,-9.018527,False,False,False,False,True,sukun
109,1,21,21,ْ,ْ,5.8,5.92,5.82,0.1200000000000001,0.020000000000000462,-14.788585,False,False,True,False,False,fatha
109,1,22,22,م,م,5.92,5.94,5.94,0.020000000000000462,0.020000000000000462,-13.217068,False,False,True,False,False,fatha
109,1,23,23,َ,َ,5.94,7.18,5.96,1.2399999999999993,0.019999999999999574,-13.958288,False,False,True,False,False,none
109,1,24,25,ٰ,ا,7.18,7.2,7.2,0.020000000000000462,0.020000000000000462,-7.094714,False,False,False,False,False,kasra
109,1,25,26,ن,ن,7.2,7.26,7.22,0.05999999999999961,0.019999999999999574,-11.587627,False,False,False,False,False,kasra
109,1,26,27,ِ,ِ,7.26,7.82,7.28,0.5600000000000005,0.020000000000000462,-16.402765,False,False,False,False,False,none
109,1,27,28, ,|,7.82,7.84,7.84,0.019999999999999574,0.019999999999999574,-0.21014757,False,False,False,False,False,none
109,1,28,29,ٱ,ا,7.84,7.86,7.86,0.020000000000000462,0.020000000000000462,-13.847112,False,False,False,False,False,none
109,1,29,30,ل,ل,7.86,7.92,7.88,0.05999999999999961,0.019999999999999574,-12.005866,False,True,False,False,False,fatha
109,1,30,31,ر,ر,7.92,7.96,7.94,0.040000000000000036,0.020000000000000462,-11.539425,False,True,False,False,False,fatha
109,1,31,32,ّ,ّ,7.96,7.98,7.98,0.020000000000000462,0.020000000000000462,-11.017774,False,False,False,False,False,fatha
109,1,32,33,َ,َ,7.98,8.040000000000001,8.0,0.0600000000000005,0.019999999999999574,-0.021112,False,False,False,False,False,kasra
109,1,33,34,ح,ح,8.040000000000001,8.08,8.06,0.03999999999999915,0.019999999999999574,-17.773445,False,False,False,False,False,kasra
109,1,34,35,ِ,ِ,8.08,8.1,8.1,0.019999999999999574,0.019999999999999574,-16.011747,False,False,False,False,False,kasra
109,1,35,36,ي,ي,8.1,8.120000000000001,8.120000000000001,0.02000000000000135,0.02000000000000135,-11.261744,False,False,False,False,False,kasra
109,1,36,37,م,م,8.120000000000001,8.16,8.14,0.03999999999999915,0.019999999999999574,-16.695337,False,False,False,False,False,kasra
109,1,37,38,ِ,ِ,8.16,8.18,8.18,0.019999999999999574,0.019999999999999574,-15.304814,False,False,False,False,False,damma
109,1,38,39, ,|,8.18,8.2,8.2,0.019999999999999574,0.019999999999999574,-13.4222765,False,False,False,False,False,damma
109,1,39,40,ق,ق,8.2,8.22,8.22,0.02000000000000135,0.02000000000000135,-15.848829,True,False,False,False,False,damma
109,1,40,41,ُ,ُ,8.22,8.24,8.24,0.019999999999999574,0.019999999999999574,-13.457621,False,False,False,False,True,sukun
109,1,41,42,ل,ل,8.24,8.26,8.26,0.019999999999999574,0.019999999999999574,-5.9469457,False,False,False,False,True,sukun
109,1,42,43,ْ,ْ,8.26,8.3,8.28,0.040000000000000924,0.019999999999999574,-7.8091664,False,False,False,False,False,fatha
109,1,43,44, ,|,8.3,8.38,8.32,0.08000000000000007,0.019999999999999574,-10.84968,False,False,True,False,False,fatha
109,1,44,45,ي,ي,8.38,8.48,8.42,0.09999999999999964,0.03999999999999915,-0.14188707,False,False,True,True,False,fatha
109,1,45,46,َ,َ,8.48,8.5,8.5,0.019999999999999574,0.019999999999999574,-3.5426183,False,False,True,True,False,none
109,1,46,48,ٰ,ا,8.5,8.540000000000001,8.52,0.040000000000000924,0.019999999999999574,-15.887593,False,False,False,True,False,fatha
109,1,47,49,ٓ,ا,8.540000000000001,8.56,8.56,0.019999999999999574,0.019999999999999574,-11.099501,False,False,False,False,False,fatha
109,1,48,50,أ,أ,8.56,8.58,8.58,0.019999999999999574,0.019999999999999574,-10.357138,False,False,False,False,False,fatha
109,1,49,51,َ,َ,8.58,8.6,8.6,0.019999999999999574,0.019999999999999574,-9.399339,False,True,False,False,False,damma
109,1,50,52,ي,ي,8.6,8.620000000000001,8.620000000000001,0.02000000000000135,0.02000000000000135,-12.38063,False,True,False,False,False,damma
109,1,51,53,ّ,ّ,8.620000000000001,8.64,8.64,0.019999999999999574,0.019999999999999574,-14.108919,False,False,False,False,False,damma
109,1,52,54,ُ,ُ,8.64,8.66,8.66,0.019999999999999574,0.019999999999999574,-10.084786,False,False,False,False,False,fatha
109,1,53,55,ه,ه,8.66,8.700000000000001,8.68,0.040000000000000924,0.019999999999999574,-10.750031,False,False,False,False,False,fatha
109,1,54,56,َ,َ,8.700000000000001,8.74,8.72,0.03999999999999915,0.019999999999999574,-0.12490277,False,False,False,False,False,none
109,1,55,57,ا,ا,8.74,8.82,8.76,0.08000000000000007,0.019999999999999574,-1.3080145,False,False,False,False,False,none
109,1,56,58, ,|,8.82,8.86,8.84,0.03999999999999915,0.019999999999999574,-5.959701,False,False,False,False,False,sukun
109,1,57,59,ٱ,ا,8.86,8.96,8.88,0.10000000000000142,0.02000000000000135,-6.8253355,False,False,False,False,True,sukun
109,1,58,60,ل,ل,8.96,9.040000000000001,9.0,0.08000000000000007,0.03999999999999915,-0.14548312,False,False,False,False,True,sukun
109,1,59,61,ْ,ْ,9.040000000000001,9.24,9.06,0.1999999999999993,0.019999999999999574,-4.886532,False,False,True,False,False,fatha
109,1,60,62,ك,ك,9.24,9.3,9.26,0.0600000000000005,0.019999999999999574,-0.0010736184,False,False,True,False,False,fatha
109,1,61,63,َ,َ,9.3,9.4,9.32,0.09999999999999964,0.019999999999999574,-14.534239,False,False,True,False,False,none
109,1,62,65,ٰ,ا,9.4,9.74,9.42,0.33999999999999986,0.019999999999999574,-0.0010578996,False,False,False,False,False,kasra
109,1,63,66,ف,ف,9.74,9.82,9.76,0.08000000000000007,0.019999999999999574,-4.9471483,False,False,False,False,False,kasra
109,1,64,67,ِ,ِ,9.82,9.98,9.86,0.16000000000000014,0.03999999999999915,-0.31401062,False,False,False,False,False,damma
109,1,65,68,ر,ر,9.98,10.08,10.0,0.09999999999999964,0.019999999999999574,-0.0005797851,False,False,False,False,False,damma
109,1,66,69,ُ,ُ,10.08,10.14,10.1,0.0600000000000005,0.019999999999999574,-3.7660654,False,False,False,False,False,fatha
109,1,67,70,و,و,10.14,10.6,10.16,0.4599999999999991,0.019999999999999574,-0.019073296,False,False,False,False,False,fatha
109,1,68,71,ن,ن,10.6,10.64,10.620000000000001,0.040000000000000924,0.02000000000000135,-0.32577732,False,False,False,False,False,fatha
109,1,69,72,َ,َ,10.64,11.36,10.66,0.7199999999999989,0.019999999999999574,-5.0154576,False,False,False,False,False,none
109,2,0,0,ل,ل,11.52,11.58,11.540000000000001,0.0600000000000005,0.02000000000000135,-0.00027056847,False,False,False,True,False,fatha
109,2,1,1,َ,َ,11.58,12.88,11.6,1.3000000000000007,0.019999999999999574,-3.2505965,False,False,False,True,False,none
109,2,2,2,ا,ا,12.88,13.040000000000001,12.9,0.16000000000000014,0.019999999999999574,-6.2677445,False,False,False,True,False,none
109,2,3,3,ٓ,ا,13.040000000000001,13.38,13.06,0.33999999999999986,0.019999999999999574,-6.1235366,False,False,False,False,False,fatha
109,2,4,4, ,|,13.38,13.48,13.42,0.09999999999999964,0.03999999999999915,-0.16214032,False,False,False,False,False,fatha
109,2,5,5,أ,أ,13.48,13.540000000000001,13.5,0.0600000000000005,0.019999999999999574,-0.00022706791,False,False,False,False,False,fatha
109,2,6,6,َ,َ,13.540000000000001,13.780000000000001,13.56,0.2400000000000002,0.019999999999999574,-0.016615583,False,False,False,False,True,sukun
109,2,7,7,ع,ع,13.780000000000001,13.86,13.8,0.0799999999999983,0.019999999999999574,-0.00021777165,False,False,False,False,True,sukun
109,2,8,8,ْ,ْ,13.86,13.98,13.88,0.120000000000001,0.02000000000000135,-3.056041,False,False,False,False,False,damma
109,2,9,9,ب,ب,13.98,14.08,14.0,0.09999999999999964,0.019999999999999574,-3.7311813e-05,False,False,False,False,False,damma
109,2,10,10,ُ,ُ,14.08,14.24,14.1,0.16000000000000014,0.019999999999999574,-0.03738822,False,False,False,False,False,damma
109,2,11,11,د,د,14.24,14.3,14.26,0.0600000000000005,0.019999999999999574,-0.00051723456,False,False,False,False,False,damma
109,2,12,12,ُ,ُ,14.3,14.42,14.32,0.11999999999999922,0.019999999999999574,-0.030511763,False,False,False,False,False,fatha
109,2,13,13, ,|,14.42,14.52,14.48,0.09999999999999964,0.0600000000000005,-0.02531896,False,False,False,False,False,fatha
109,2,14,14,م,م,14.52,14.58,14.540000000000001,0.0600000000000005,0.02000000000000135,-1.1563234e-05,False,False,False,False,False,fatha
109,2,15,15,َ,َ,14.58,14.66,14.6,0.08000000000000007,0.019999999999999574,-9.300873,False,False,False,False,False,none
109,2,16,16,ا,ا,14.66,14.88,14.700000000000001,0.22000000000000064,0.040000000000000924,-0.06497577,False,False,False,False,False,fatha
109,2,17,17, ,|,14.88,15.040000000000001,14.94,0.16000000000000014,0.05999999999999872,-0.008724006,False,False,False,False,False,fatha
109,2,18,18,ت,ت,15.040000000000001,15.120000000000001,15.06,0.08000000000000007,0.019999999999999574,-9.894322e-06,False,False,False,False,False,fatha
109,2,19,19,َ,َ,15.120000000000001,15.32,15.14,0.1999999999999993,0.019999999999999574,-0.022691594,False,False,False,False,True,sukun
109,2,20,20,ع,ع,15.32,15.38,15.34,0.0600000000000005,0.019999999999999574,-7.045021e-05,False,False,False,False,True,sukun
109,2,21,21,ْ,ْ,15.38,15.56,15.4,0.17999999999999972,0.019999999999999574,-3.6208813,False,False,False,False,False,damma
109,2,22,22,ب,ب,15.56,15.66,15.58,0.09999999999999964,0.019999999999999574,-3.0159496e-05,False,False,False,False,False,damma
109,2,23,23,ُ,ُ,15.66,15.84,15.68,0.17999999999999972,0.019999999999999574,-0.0032084913,False,False,False,False,False,damma
109,2,24,24,د,د,15.84,15.92,15.860000000000001,0.08000000000000007,0.02000000000000135,-0.0039679855,False,False,False,False,False,damma
109,2,25,25,ُ,ُ,15.92,16.0,15.94,0.08000000000000007,0.019999999999999574,-2.500107,False,False,False,False,False,fatha
109,2,26,26,و,و,16.0,16.4,16.02,0.3999999999999986,0.019999999999999574,-0.0010234838,False,False,False,False,False,fatha
109,2,27,27,ن,ن,16.4,16.44,16.42,0.0400000000000027,0.020000000000003126,-0.0049081794,False,False,False,False,False,fatha
109,2,28,28,َ,َ,16.44,17.22,16.46,0.7799999999999976,0.019999999999999574,-2.6469712,False,False,False,False,False,none
109,3,0,0,و,و,17.400000000000002,17.44,17.42,0.03999999999999915,0.019999999999999574,-0.0028464776,False,False,False,False,False,fatha
109,3,1,1,َ,َ,17.44,17.62,17.48,0.17999999999999972,0.03999999999999915,-0.40726793,False,False,False,True,False,fatha
109,3,2,2,ل,ل,17.62,17.68,17.64,0.05999999999999872,0.019999999999999574,-2.4437606e-05,False,False,False,True,False,fatha
109,3,3,3,َ,َ,17.68,17.76,17.7,0.08000000000000185,0.019999999999999574,-8.613476,False,False,False,True,False,none
109,3,4,4,ا,ا,17.76,19.080000000000002,17.78,1.3200000000000003,0.019999999999999574,-0.06109114,False,False,False,True,False,none
109,3,5,5,ٓ,ا,19.080000000000002,19.26,19.1,0.17999999999999972,0.019999999999999574,-9.80671,False,False,False,False,False,fatha
109,3,6,6, ,|,19.26,19.34,19.28,0.0799999999999983,0.019999999999999574,-0.38440505,False,False,False,False,False,fatha
109,3,7,7,أ,أ,19.34,19.42,19.36,0.08000000000000185,0.019999999999999574,-0.098956876,False,False,False,False,False,fatha
109,3,8,8,َ,َ,19.42,20.2,19.44,0.7799999999999976,0.019999999999999574,-0.12717067,False,False,False,False,False,damma
109,3,9,9,ن,ن,20.2,20.5,20.240000000000002,0.3000000000000007,0.0400000000000027,-0.4089379,False,False,False,False,False,damma
109,3,10,10,ت,ت,20.5,20.580000000000002,20.52,0.08000000000000185,0.019999999999999574,-3.397407e-05,False,False,False,False,False,damma
109,3,11,11,ُ,ُ,20.580000000000002,20.72,20.6,0.13999999999999702,0.019999999999999574,-0.006475182,False,False,False,False,True,sukun
109,3,12,12,م,م,20.72,20.8,20.740000000000002,0.08000000000000185,0.020000000000003126,-0.0184434,False,False,False,False,True,sukun
109,3,13,13,ْ,ْ,20.8,20.82,20.82,0.019999999999999574,0.019999999999999574,-9.641232,False,False,False,False,False,fatha
109,3,14,14, ,|,20.82,21.06,20.86,0.23999999999999844,0.03999999999999915,-0.19070373,False,False,True,False,False,fatha
109,3,15,15,ع,ع,21.06,21.12,21.080000000000002,0.060000000000002274,0.020000000000003126,-0.0019296851,False,False,True,False,False,fatha
109,3,16,16,َ,َ,21.12,21.22,21.14,0.09999999999999787,0.019999999999999574,-1.9308366,False,False,True,False,False,none
109,3,17,18,ٰ,ا,21.22,21.6,21.26,0.38000000000000256,0.0400000000000027,-0.1512182,False,False,False,False,False,kasra
109,3,18,19,ب,ب,21.6,21.68,21.62,0.0799999999999983,0.019999999999999574,-0.0058833994,False,False,False,False,False,kasra
109,3,19,20,ِ,ِ,21.68,21.88,21.7,0.1999999999999993,0.019999999999999574,-0.03492221,False,False,False,False,False,damma
109,3,20,21,د,د,21.88,21.96,21.900000000000002,0.08000000000000185,0.020000000000003126,-0.24461491,False,False,False,False,False,damma
109,3,21,22,ُ,ُ,21.96,22.080000000000002,21.98,0.120000000000001,0.019999999999999574,-0.26272884,False,False,False,False,False,fatha
109,3,22,23,و,و,22.080000000000002,22.44,22.1,0.35999999999999943,0.019999999999999574,-1.3421712,False,False,False,False,False,fatha
109,3,23,24,ن,ن,22.44,22.5,22.46,0.05999999999999872,0.019999999999999574,-0.14009534,False,False,False,False,False,fatha
109,3,24,25,َ,َ,22.5,22.580000000000002,22.52,0.08000000000000185,0.019999999999999574,-0.24708271,False,False,False,False,False,fatha
109,3,25,26, ,|,22.580000000000002,22.7,22.6,0.11999999999999744,0.019999999999999574,-6.602942,False,False,False,True,False,fatha
109,3,26,27,م,م,22.7,22.76,22.72,0.060000000000002274,0.019999999999999574,-0.00010859377,False,False,False,True,False,fatha
109,3,27,28,َ,َ,22.76,22.86,22.78,0.09999999999999787,0.019999999999999574,-5.496309,False,False,False,True,False,none
109,3,28,29,ا,ا,22.86,23.78,22.88,0.9200000000000017,0.019999999999999574,-0.00051401753,False,False,False,True,False,none
109,3,29,30,ٓ,ا,23.78,24.060000000000002,23.8,0.28000000000000114,0.019999999999999574,-7.004907,False,False,False,False,False,fatha
109,3,30,31, ,|,24.060000000000002,24.16,24.12,0.09999999999999787,0.05999999999999872,-0.2670516,False,False,False,False,False,fatha
109,3,31,32,أ,أ,24.16,24.240000000000002,24.18,0.08000000000000185,0.019999999999999574,-3.0636318e-05,False,False,False,False,False,fatha
109,3,32,33,َ,َ,24.240000000000002,24.5,24.26,0.259999999999998,0.019999999999999574,-0.02081876,False,False,False,False,True,sukun
109,3,33,34,ع,ع,24.5,24.560000000000002,24.54,0.060000000000002274,0.03999999999999915,-0.032168165,False,False,False,False,True,sukun
109,3,34,35,ْ,ْ,24.560000000000002,24.7,24.580000000000002,0.13999999999999702,0.019999999999999574,-4.025829,False,False,False,False,False,damma
109,3,35,36,ب,ب,24.7,24.8,24.72,0.10000000000000142,0.019999999999999574,-3.9099883e-05,False,False,False,False,False,damma
109,3,36,37,ُ,ُ,24.8,24.96,24.82,0.16000000000000014,0.019999999999999574,-0.03993373,False,False,False,False,False,damma
109,3,37,38,د,د,24.96,25.02,24.98,0.05999999999999872,0.019999999999999574,-2.7179349e-05,False,False,False,False,False,damma
109,3,38,39,ُ,ُ,25.02,25.88,25.04,0.8599999999999994,0.019999999999999574,-9.971853,False,False,False,False,False,none
109,4,0,0,و,و,26.04,26.1,26.060000000000002,0.060000000000002274,0.020000000000003126,-8.129743e-05,False,False,False,False,False,fatha
109,4,1,1,َ,َ,26.1,26.28,26.14,0.17999999999999972,0.03999999999999915,-0.35411078,False,False,False,True,False,fatha
109,4,2,2,ل,ل,26.28,26.34,26.3,0.05999999999999872,0.019999999999999574,-7.4979835e-05,False,False,False,True,False,fatha
109,4,3,3,َ,َ,26.34,26.42,26.36,0.08000000000000185,0.019999999999999574,-8.912275,False,False,False,True,False,none
109,4,4,4,ا,ا,26.42,27.240000000000002,26.44,0.8200000000000003,0.019999999999999574,-5.4341035,False,False,False,True,False,none
109,4,5,5,ٓ,ا,27.240000000000002,27.92,27.26,0.6799999999999997,0.019999999999999574,-7.787603,False,False,False,False,False,fatha
109,4,6,6, ,|,27.92,28.0,27.94,0.0799999999999983,0.019999999999999574,-0.52633345,False,False,False,False,False,fatha
109,4,7,7,أ,أ,28.0,28.060000000000002,28.02,0.060000000000002274,0.019999999999999574,-0.28724122,False,False,False,False,False,fatha
109,4,8,8,َ,َ,28.060000000000002,28.26,28.080000000000002,0.1999999999999993,0.019999999999999574,-0.74153775,False,False,False,False,False,fatha
109,4,9,9,ن,ن,28.26,28.32,28.28,0.05999999999999872,0.019999999999999574,-0.003628933,False,False,False,False,False,fatha
109,4,10,10,َ,َ,28.32,28.36,28.34,0.03999999999999915,0.019999999999999574,-1.4870303,False,False,False,False,False,none
109,4,11,11,ا,ا,28.36,28.38,28.38,0.019999999999999574,0.019999999999999574,-6.162473,False,False,False,False,False,none
109,4,12,13, ,|,28.38,28.5,28.400000000000002,0.120000000000001,0.020000000000003126,-3.65741,False,False,False,False,False,fatha
109,4,13,14,ع,ع,28.5,28.52,28.52,0.019999999999999574,0.019999999999999574,-0.6522293,False,False,False,False,False,fatha
109,4,14,15,َ,َ,28.52,28.62,28.54,0.10000000000000142,0.019999999999999574,-5.299394,False,False,False,False,False,kasra
109,4,15,16,ا,ا,28.62,29.060000000000002,28.64,0.4400000000000013,0.019999999999999574,-0.70944905,False,False,False,False,False,kasra
109,4,16,17,ب,ب,29.060000000000002,29.14,29.080000000000002,0.0799999999999983,0.019999999999999574,-0.0019954785,False,False,False,False,False,kasra
109,4,17,18,ِ,ِ,29.14,29.34,29.16,0.1999999999999993,0.019999999999999574,-0.026215795,False,False,False,False,False,tanween
109,4,18,19,د,د,29.34,29.42,29.36,0.08000000000000185,0.019999999999999574,-1.0049924,False,False,False,False,False,tanween
109,4,19,20,ٌ,ٌ,29.42,30.28,29.44,0.8599999999999994,0.019999999999999574,-5.56057,False,False,False,False,False,none
109,4,20,22, ,|,30.28,30.38,30.32,0.09999999999999787,0.03999999999999915,-0.20995483,False,True,False,False,False,fatha
109,4,21,23,م,م,30.38,30.44,30.400000000000002,0.060000000000002274,0.020000000000003126,-6.0556486e-05,False,True,False,False,False,fatha
109,4,22,24,ّ,ّ,30.44,30.46,30.46,0.019999999999999574,0.019999999999999574,-9.348137,False,False,False,False,False,fatha
109,4,23,25,َ,َ,30.46,30.54,30.48,0.0799999999999983,0.019999999999999574,-3.9415317,False,False,False,False,False,none
109,4,24,26,ا,ا,30.54,30.86,30.560000000000002,0.3200000000000003,0.020000000000003126,-0.0003209791,False,False,False,False,False,fatha
109,4,25,27, ,|,30.86,31.02,30.88,0.16000000000000014,0.019999999999999574,-0.14930174,False,False,False,False,False,fatha
109,4,26,28,ع,ع,31.02,31.060000000000002,31.04,0.0400000000000027,0.019999999999999574,-0.02308156,False,False,False,False,False,fatha
109,4,27,29,َ,َ,31.060000000000002,31.240000000000002,31.080000000000002,0.17999999999999972,0.019999999999999574,-2.9799716,False,False,False,False,False,fatha
109,4,28,30,ب,ب,31.240000000000002,31.3,31.26,0.05999999999999872,0.019999999999999574,-0.00021657982,False,False,False,False,False,fatha
109,4,29,31,َ,َ,31.3,31.48,31.32,0.17999999999999972,0.019999999999999574,-0.12494401,False,False,False,False,False,none
109,4,30,32,د,د,31.48,31.78,31.5,0.3000000000000007,0.019999999999999574,-3.398421,False,True,False,False,False,damma
109,4,31,33,ت,ت,31.78,31.82,31.8,0.03999999999999915,0.019999999999999574,-1.3112935e-05,False,True,False,False,False,damma
109,4,32,34,ّ,ّ,31.82,31.86,31.84,0.03999999999999915,0.019999999999999574,-0.5624795,False,False,False,False,False,damma
109,4,33,35,ُ,ُ,31.86,31.98,31.88,0.120000000000001,0.019999999999999574,-0.023574304,False,False,False,False,True,sukun
109,4,34,36,م,م,31.98,32.02,32.0,0.0400000000000027,0.019999999999999574,-0.0006196963,False,False,False,False,True,sukun
109,4,35,37,ْ,ْ,32.02,32.74,32.04,0.7199999999999989,0.01999999999999602,-3.7618306,False,False,False,False,False,none
109,5,0,0,و,و,32.9,32.96,32.92,0.060000000000002274,0.020000000000003126,-4.148397e-05,False,False,False,False,False,fatha
109,5,1,1,َ,َ,32.96,33.14,32.980000000000004,0.17999999999999972,0.020000000000003126,-0.48010778,False,False,False,True,False,fatha
109,5,2,2,ل,ل,33.14,33.2,33.160000000000004,0.060000000000002274,0.020000000000003126,-0.4206553,False,False,False,True,False,fatha
109,5,3,3,َ,َ,33.2,34.5,33.22,1.2999999999999972,0.01999999999999602,-8.69159,False,False,False,True,False,none
109,5,4,4,ا,ا,34.5,34.54,34.52,0.03999999999999915,0.020000000000003126,-6.026079,False,False,False,True,False,none
109,5,5,5,ٓ,ا,34.54,34.74,34.56,0.20000000000000284,0.020000000000003126,-6.2015767,False,False,False,False,False,fatha
109,5,6,6, ,|,34.74,34.82,34.76,0.0799999999999983,0.01999999999999602,-0.17849362,False,False,False,False,False,fatha
109,5,7,7,أ,أ,34.82,34.86,34.84,0.03999999999999915,0.020000000000003126,-0.11706996,False,False,False,False,False,fatha
109,5,8,8,َ,َ,34.86,35.6,34.88,0.740000000000002,0.020000000000003126,-0.9123433,False,False,False,False,False,damma
109,5,9,9,ن,ن,35.6,35.9,35.62,0.29999999999999716,0.01999999999999602,-0.74950516,False,False,False,False,False,damma
109,5,10,10,ت,ت,35.9,35.980000000000004,35.92,0.0800000000000054,0.020000000000003126,-0.00066282233,False,False,False,False,False,damma
109,5,11,11,ُ,ُ,35.980000000000004,36.12,36.0,0.13999999999999346,0.01999999999999602,-0.017025387,False,False,False,False,True,sukun
109,5,12,12,م,م,36.12,36.22,36.14,0.10000000000000142,0.020000000000003126,-0.0055160695,False,False,False,False,True,sukun
109,5,13,13,ْ,ْ,36.22,36.24,36.24,0.020000000000003126,0.020000000000003126,-9.170655,False,False,False,False,False,fatha
109,5,14,14, ,|,36.24,36.480000000000004,36.28,0.240000000000002,0.03999999999999915,-0.099752486,False,False,True,False,False,fatha
109,5,15,15,ع,ع,36.480000000000004,36.54,36.5,0.05999999999999517,0.01999999999999602,-0.0006965357,False,False,True,False,False,fatha
109,5,16,16,َ,َ,36.54,36.64,36.56,0.10000000000000142,0.020000000000003126,-2.9043188,False,False,True,False,False,none
109,5,17,18,ٰ,ا,36.64,37.06,36.660000000000004,0.4200000000000017,0.020000000000003126,-0.055331096,False,False,False,False,False,kasra
109,5,18,19,ب,ب,37.06,37.160000000000004,37.1,0.10000000000000142,0.03999999999999915,-0.38661152,False,False,False,False,False,kasra
109,5,19,20,ِ,ِ,37.160000000000004,37.34,37.18,0.17999999999999972,0.01999999999999602,-0.16270955,False,False,False,False,False,damma
109,5,20,21,د,د,37.34,37.42,37.36,0.0799999999999983,0.01999999999999602,-0.5106341,False,False,False,False,False,damma
109,5,21,22,ُ,ُ,37.42,37.54,37.44,0.11999999999999744,0.01999999999999602,-2.0424345,False,False,False,False,False,fatha
109,5,22,23,و,و,37.54,37.92,37.56,0.38000000000000256,0.020000000000003126,-2.7680447,False,False,False,False,False,fatha
109,5,23,24,ن,ن,37.92,37.980000000000004,37.94,0.060000000000002274,0.01999999999999602,-0.48456424,False,False,False,False,False,fatha
109,5,24,25,َ,َ,37.980000000000004,38.06,38.0,0.0799999999999983,0.01999999999999602,-0.2527807,False,False,False,False,False,fatha
109,5,25,26, ,|,38.06,38.18,38.08,0.11999999999999744,0.01999999999999602,-6.068746,False,False,False,True,False,fatha
109,5,26,27,م,م,38.18,38.24,38.2,0.060000000000002274,0.020000000000003126,-0.00012802258,False,False,False,True,False,fatha
109,5,27,28,َ,َ,38.24,38.34,38.26,0.10000000000000142,0.01999999999999602,-7.141422,False,False,False,True,False,none
109,5,28,29,ا,ا,38.34,39.28,38.36,0.9399999999999977,0.01999999999999602,-0.00021872512,False,False,False,True,False,none
109,5,29,30,ٓ,ا,39.28,39.480000000000004,39.300000000000004,0.20000000000000284,0.020000000000003126,-7.707533,False,False,False,False,False,fatha
109,5,30,31, ,|,39.480000000000004,39.56,39.5,0.0799999999999983,0.01999999999999602,-0.018296868,False,False,False,False,False,fatha
109,5,31,32,أ,أ,39.56,39.62,39.58,0.05999999999999517,0.01999999999999602,-3.1589963e-05,False,False,False,False,False,fatha
109,5,32,33,َ,َ,39.62,39.94,39.660000000000004,0.3200000000000003,0.04000000000000625,-0.09842155,False,False,False,False,True,sukun
109,5,33,34,ع,ع,39.94,39.980000000000004,39.96,0.04000000000000625,0.020000000000003126,-6.2225314e-05,False,False,False,False,True,sukun
109,5,34,35,ْ,ْ,39.980000000000004,40.12,40.0,0.13999999999999346,0.01999999999999602,-2.1891274,False,False,False,False,False,damma
109,5,35,36,ب,ب,40.12,40.22,40.14,0.10000000000000142,0.020000000000003126,-0.0017688118,False,False,False,False,False,damma
109,5,36,37,ُ,ُ,40.22,40.38,40.24,0.1600000000000037,0.020000000000003126,-0.00864974,False,False,False,False,False,damma
109,5,37,38,د,د,40.38,40.44,40.4,0.05999999999999517,0.01999999999999602,-2.9682673e-05,False,False,False,False,False,damma
109,5,38,39,ُ,ُ,40.44,41.160000000000004,40.46,0.720000000000006,0.020000000000003126,-9.092991,False,False,False,False,False,none
109,6,0,0,ل,ل,41.300000000000004,41.38,41.32,0.0799999999999983,0.01999999999999602,-5.6028207e-06,False,False,False,False,False,fatha
109,6,1,1,َ,َ,41.38,41.6,41.4,0.21999999999999886,0.01999999999999602,-0.02695628,False,False,False,False,False,damma
109,6,2,2,ك,ك,41.6,41.660000000000004,41.62,0.060000000000002274,0.01999999999999602,-2.2411095e-05,False,False,False,False,False,damma
109,6,3,3,ُ,ُ,41.660000000000004,41.82,41.68,0.1599999999999966,0.01999999999999602,-0.018641632,False,False,False,False,True,sukun
109,6,4,4,م,م,41.82,42.0,41.86,0.17999999999999972,0.03999999999999915,-0.00044947118,False,False,False,False,True,sukun
109,6,5,5,ْ,ْ,42.0,42.02,42.02,0.020000000000003126,0.020000000000003126,-8.597762,False,False,False,False,False,kasra
109,6,6,6, ,|,42.02,42.14,42.06,0.11999999999999744,0.03999999999999915,-0.00013672117,False,False,False,False,False,kasra
109,6,7,7,د,د,42.14,42.22,42.160000000000004,0.0799999999999983,0.020000000000003126,-0.22722153,False,False,False,False,False,kasra
109,6,8,8,ِ,ِ,42.22,42.36,42.26,0.14000000000000057,0.03999999999999915,-0.261902,False,False,False,False,False,damma
109,6,9,9,ي,ي,42.36,42.68,42.38,0.3200000000000003,0.020000000000003126,-0.00040320374,False,False,False,False,False,damma
109,6,10,10,ن,ن,42.68,42.76,42.7,0.0799999999999983,0.020000000000003126,-1.2755313e-05,False,False,False,False,False,damma
109,6,11,11,ُ,ُ,42.76,42.980000000000004,42.78,0.22000000000000597,0.020000000000003126,-0.21438125,False,False,False,False,False,damma
109,6,12,12,ك,ك,42.980000000000004,43.06,43.02,0.0799999999999983,0.03999999999999915,-0.0013039161,False,False,False,False,False,damma
109,6,13,13,ُ,ُ,43.06,43.24,43.08,0.17999999999999972,0.01999999999999602,-0.27498835,False,False,False,False,True,sukun
109,6,14,14,م,م,43.24,43.44,43.26,0.19999999999999574,0.01999999999999602,-0.5491729,False,False,False,False,True,sukun
109,6,15,15,ْ,ْ,43.44,43.46,43.46,0.020000000000003126,0.020000000000003126,-8.847802,False,False,False,False,False,fatha
109,6,16,16, ,|,43.46,43.58,43.52,0.11999999999999744,0.060000000000002274,-0.023152014,False,False,False,False,False,fatha
109,6,17,17,و,و,43.58,43.660000000000004,43.6,0.0800000000000054,0.020000000000003126,-1.1920858e-05,False,False,False,False,False,fatha
109,6,18,18,َ,َ,43.660000000000004,43.84,43.68,0.17999999999999972,0.01999999999999602,-0.2467957,False,False,False,False,False,kasra
109,6,19,19,ل,ل,43.84,43.88,43.86,0.03999999999999915,0.01999999999999602,-0.0016469499,False,False,False,False,False,kasra
109,6,20,20,ِ,ِ,43.88,44.14,43.9,0.259999999999998,0.01999999999999602,-0.18777117,False,False,False,False,False,fatha
109,6,21,21,ى,ى,44.14,44.2,44.160000000000004,0.060000000000002274,0.020000000000003126,-15.222762,False,False,False,False,False,fatha
109,6,22,22,َ,َ,44.2,44.28,44.24,0.0799999999999983,0.03999999999999915,-0.23401608,False,False,False,False,False,kasra
109,6,23,23, ,|,44.28,44.4,44.300000000000004,0.11999999999999744,0.020000000000003126,-10.074121,False,False,False,False,False,kasra
109,6,24,24,د,د,44.4,44.480000000000004,44.42,0.0800000000000054,0.020000000000003126,-0.0010089551,False,False,False,False,False,kasra
109,6,25,25,ِ,ِ,44.480000000000004,44.56,44.5,0.0799999999999983,0.01999999999999602,-4.3643966,False,False,False,False,False,kasra
109,6,26,26,ي,ي,44.56,44.980000000000004,44.58,0.4200000000000017,0.01999999999999602,-0.00040928094,False,False,False,False,False,kasra
109,6,27,27,ن,ن,44.980000000000004,45.02,45.0,0.03999999999999915,0.01999999999999602,-0.00025841236,False,False,False,False,False,kasra
109,6,28,28,ِ,ِ,45.02,45.8188125,45.04,0.7988124999999968,0.01999999999999602,-2.2471135,False,False,False,False,False,none
